74824	Великобритания является страной джентльменов и верховой езды.
75673	Следующие понедельник и вторник у нас выходные.
76375	Лев является царём зверей.
77258	Старость подобна острову, окружённому смертью.
77610	Господин Судзуки является великим учёным.
78212	Драконы являются вымышленными животными.
79149	Слово серебряное, а молчание золотое.
80803	Нагоя является городом, известным своим замком.
82204	Я увлекаюсь чтением манги.
92950	Она является гордостью своего класса.
94391	Её работа состоит в том, чтобы мыть посуду.
113926	Он всеобщий любимец в классе.
123156	Дважды два будет четыре.
125727	Молчание является самым совершенным выражением презрения.
139145	Тише едешь, дальше будешь.
144244	Человек является разумным животным.
148162	Привычка становится второй натурой.
149544	Влажный климат является характерной чертой этого полуострова.
163369	Я увлекаюсь коллекционированием насекомых.
173183	Высокая температура является явным симптомом этой болезни.
173522	Что одному лекарство, то другому яд.
174461	Тигр является хищником.
174988	Атомная бомба представляет большую угрозу для человечества.
176004	Кит является млекопитающим.
176014	Кит является огромным млекопитающим, живущим в море.
179305	Голодному всё вкусно.
179742	Золото является самым ценным из всех металлов.
180341	Образование является важным фактором.
182069	Мои увлечения: рыбалка и телевизор.
184797	Чтобы узнать чужую страну, лучше всего туда поехать.
185457	Встреча означает начало расставания.
192675	Лев является царём зверей.
197833	Её желанием было поехать в Париж.
197940	Голубь является символом мира.
198704	Нью-Йорк является самым большим городом на свете.
200102	Том лучше всех в классе.
200177	Том и Франк дружат не разлей вода.
216444	Джейн работает секретарём президента компании.
217215	«Ничего, если я пойду с вами?» «Конечно!»
221697	Сомнительно, можно ли доверять этим данным.
225447	Больше всего я люблю Грэма Грина.
229213	Англичане являются нацией, которая дорожит свободой.
229241	Англия является страной, где полицейские не носят оружия.
229471	Анне завидуют все её друзья.
230174	Америка является страной иммигрантов.
230316	Будешь слишком беспокоиться, облысеешь.
236202	«Я должен его увидеть». «Зачем?»
236216	Сотрудник добавил: «Это можно получить в мэрии».
236271	«Ты закончил?» «Куда там, даже и не начинал».
236338	Садако подумала про себя: «Я должна поправиться».
236395	«Почему бы нам не сходить в кино?» «Да, пошли».
236431	Джон сказал: «Ребята, давайте отдохнём».
697580	Книга является моим лучшим другом.
872784	Глупость является отдыхом ума.
892862	Перо является языком души.
991918	Изюм представляет собой сушёный виноград.
1005365	Следующие понедельник и вторник у нас выходные.
1006454	Каждую неделю по понедельникам и вторникам я занимаюсь фортепиано, а по средам и пятницам танцами.
1018182	Хацумодэ означает посещение синтоистского храма в начале нового года.
1125130	Дракон является воображаемым животным.
1125131	Дракон является вымышленным животным.
1406606	Цветы словно улыбка земли.
1442093	Наш учитель является мастером боевых искусств.
1615585	Его жена преподаёт у нас итальянский.
1697674	Голубь является символом мира.
2123424	Вить верёвку, когда вор уже пойман.
2242018	Том у нас умный ребёнок.
2460905	Итальянский является моим родным языком.
2465623	На Тома можно положиться.
2619801	Меньше всего я хочу ранить Тома.
2620395	Том очень красив.
2664718	«ООН» является сокращением от «Организация Объединённых Наций».
2690741	Все люди смертны. Том является человеком. Следовательно, Том смертен.
2697614	Тома любит весь класс.
2795023	Мой особый дар в том, что я могу спать где угодно.
2826603	«Где вы живёте?» «В Токио».
2951455	Том приходится мне дальним родственником.
3045271	Если не возьмёшь отпуск, свалишься.
3050886	Моя мама работает адвокатом.
3050904	Моя мама преподаёт в старшей школе.
3212886	«Мэри, как ни посмотришь, ты всегда такая хорошенькая». «Ой, я прям смутилась».
3321094	«Он даже писал мне стихи!» «О любви?»
3395395	Будешь спать в таком виде, простудишься.
3400864	Я люблю слушать музыку.
3424661	«Ты умеешь готовить?» «В общем да. Вкус, правда, не гарантирую».
3480158	Мне кажется, любовные отношения только отнимают время.
3555812	Чёрный мой.
3564415	«Будете есть здесь?» «Нет, на вынос».
3569748	Я думаю, что неумение проигрывать является у Тома и достоинством, и недостатком.	I think Tom's hatred of losing is both his strength and his weakness.
3569917	«Видел странный сон». «Какой?»
3689579	А Дед Мороз на самом деле папа, да?
3703417	«Почему ты меня ненавидишь?» «Потому что ты вредная».
3714591	Захочешь спать, скажи.
3716095	«Какой композитор-классик тебе нравится больше всех?» «Дебюсси».
3854103	«Невкусно?» «Да нет, вкусно».
3854114	«Проголодался?» «Нет, не очень».
3984850	Бостон является прекрасным городом.
4006182	Если есть какие-то вопросы, спрашивай, не стесняйся.
4212037	Из всех моих знакомых только Том родом из Бостона.
4216140	У ангелов есть пара крыльев, а у дьявола хвост.
4488171	Если не съешь мороженое поскорее, оно растает!
6850813	Мозг является чрезвычайно сложным органом.
8369391	Короче говоря, то, что он сделал, является мошенничеством.
8573848	Лучший способ учиться в том, чтобы задавать вопросы.
8598063	Мясной соус из идеально спелых томатов просто шедевр.
8619736	Том является выпускником.
8672816	Том и Мэри так подходят друг другу, правда?
8704063	Паук разве насекомое?
8744361	Сингапур является самой богатой страной Азии.
8744383	Сингапур является одной из богатейших стран Азии.
8868589	«СМИ промывают тебе мозги!» «О чём ты?»
8868590	«СМИ промыли тебе мозги!» «О чём ты говоришь?»
9011944	Моя цель состоит в том, чтобы создать команду.
9086455	Том у нас старший сын.
9183411	«Что это?» «Персик».
9569851	Электрон является одной из элементарных частиц.
9734920	Гинкго является живым ископаемым.
10106692	«Куда ты хочешь пойти?» «Куда угодно».
10901755	Это мои друзья.
10901800	Мой отец работает в банке.
11683196	Это мои внуки.
11831419	Дельфины и киты являются млекопитающими.
11992033	Монблан является самой высокой горой в Альпах.
12715096	Париж является столицей моды.
13294088	Если нить запуталась, распутать её непросто.
4751796	«Куда мне сесть?» «Куда угодно.»
