233145	Твоя догадка совсем мимо цели.
233836	Мы оба, и ты, и я, должны заботиться о собаке.
234717	Ах, как есть хочется!
236165	«Она купила часы?» «Да, купила.»
236174	«Она играет в теннис?» «Да, играет.»
236227	Тидзуко сказала: «Журавли живут тысячу лет».
236228	«Сиитакэ» являются разновидностью грибов.
236266	«Можно взглянуть на ваш билет?» «Да, пожалуйста.»
236293	«Я с ним согласен.» «Я тоже.»
236298	В душе она подумала: «Я счастлива».
236301	В душе Мария подумала: «Мне очень повезло».
236316	«Я не люблю морковь.» «Я тоже.»
236327	Учитель сказал: «На сегодня всё».
236372	Она сказала мне: «Пойду куплю печенья».
236538	Она закричала: «Не подходи к этому отвесному обрыву!»
236543	Вилли наконец согласился: «Ну ладно».
236549	Она призналась: «Ты мне очень небезразличен».
236555	Домохозяйка сказала: «Джордж? Джордж... А кто это?»
237273	«Вы учитель?» «Совершенно верно.»
237416	Так случилось, что Майк в тот день не пришёл в школу.
237420	Я не подрабатываю, поэтому не могу накопить денег.
237467	Язык является одним из средств общения.
338236	Я по ошибке выпил моющее средство.
347307	-
370831	-
370867	-
370880	-
383704	-
390049	-
400523	Если подумать, это кольцо слишком маленькое.	Now that I think of it, that ring is too small.
413326	Дай какой-нибудь бумаги.
502356	Большей частью этого успеха мы обязаны тебе.
518595	Я женщина, и я совсем не считаю это странным.
549270	-
564642	Это павлин. Только что кричал павлин.
635037	Потрясающе интересная приключенческая история.
660871	Пчела прилетела на цветок.
724651	Не пугай меня.
772452	Тараканы относятся к насекомым.
772458	Есть опасность, что разразится буря.
872710	Моё новое платье красного цвета.
894501	Ты когда-нибудь слышал пословицу «Ложь ведёт к воровству»?
934623	Кто с мечом к нам придёт, от меча и погибнет.
991871	Бедность является корнем всех зол.
992425	Другой не годится.
1016663	Сидзуока является одной из префектур Японии и выходит к Тихому океану.
1031842	Как идут дела в бизнесе?
1084369	-
1105450	А? Порядок же перепутан, так можно?
1112555	Им нужно найти квартиру в городе.
1114387	Этот путеводитель может пригодиться тебе в поездке.
1121231	-
1132363	Сколько можно повторять: это не мюзикл, а оперетта!
1140284	Иными словами, он лентяй.
1142563	-
1166891	Младенец спит в колыбели.
1167570	Том катается на сноуборде на высоком уровне.
1170796	Крестьянин сказал: «Не говори глупостей».
1172661	-
1172979	Весна является лучшим временем года для поездки в Киото.
1175953	Она погрязла в пьянстве.
1180407	Мне приснился лук.
1191427	-
1215803	Она единственная женщина в коллективе.
1229024	-
1247376	-
1345295	-
1463624	Я к этому непричастен.
1471026	Хочешь мира, готовься к войне.
1487514	-
1513256	В прошлом месяце я продлил водительские права.
1529765	Для индуистов корова является священным животным.
1543549	Мы поднялись на самую вершину.
1619851	Как насчёт завтрашнего вечера?
1656253	И как ты умудряешься оставаться таким оптимистом?
1667753	Том записал организацию вечеринки в заслуги Мэри.
1673939	Если орёл, я выиграл, если решка, ты проиграл.
1689679	-
1751754	Воздух представляет собой смесь нескольких газов.
1772636	Эта ответственность для него обуза.
1790824	-
1882985	Немецкая грамматика даётся мне с трудом.
2006954	Главный приз: поцелуй принцессы.
2030700	Альфа, бета и гамма являются буквами греческого алфавита.
2038457	Веди себя прилично.
2045900	-
2063330	Говорите тише, пожалуйста.
2092157	«Кто этот парень на фотографии?» «Не знаю, кто это.»
2140086	Железо имеет сродство к сере, а водород к кислороду.
2141427	Дочь короля является принцессой.
2225410	Она превращает жизнь мужа в ад.
2236414	Я в хороших отношениях с младшим братом.
2240129	Любовь представляет собой не более чем временное нарушение гормонального баланса.
2250597	Как думаешь, какой из них правильный?
2254766	-
