4714	Это был злой кролик.	This was a bad rabbit.
78740	Я должен был вернуться домой на следующий день.	I was supposed to return home the next day.
86933	Она помыкает мужем.	She bosses her husband around.
87739	Она была вне себя от гнева.	She was beside herself with anger.
88733	У неё из кабинета украли книгу.	She had a book stolen from her study.
99648	Он жаждет славы.	He longs for fame.
99827	Каждое утро перед завтраком он гуляет.	He takes a walk every morning before breakfast.
103265	Он был в чистых брюках.	He was wearing clean trousers.
104665	Он вложил все эти деньги в машину.	He invested all that money in a car.
105337	Он только что вернулся из офиса.	He has just come back from the office.
113689	Он принял меры, чтобы эти приказы были выполнены наверняка.	He arranged for these orders to be carried out without fail.
114474	Он всегда разговаривал с ней шёпотом.	He always spoke to her in a whisper.
118560	Я дал ему еду.	I gave him some food.
124275	В Токио есть люди, для которых домом служит картонная коробка.	In Tokyo, some people call a cardboard box home.
137872	Я читаю, пропуская скучные главы.	I skip the boring chapters when I read.
145968	На работе установят торговый автомат.	A vending machine will be installed at work.
153126	Я очень устал.	I'm extremely tired.
154107	Я попросил у него совета.	I asked him for advice.
157879	По дороге домой из школы я попал под внезапный ливень.	On my way home from school, I got caught in a sudden shower.
162487	Мой друг наконец-то полностью расплатился с долгами.	My friend has finally paid off his debts.
166401	Мы максимально воспользовались благоприятным моментом.	We made the most of that opportunity.
167975	С моей стороны было очень разумно отказаться от этой взятки.	It was very wise of me to refuse that bribe.
174557	-
182530	Существует глупое психическое расстройство под названием «парижский синдром».	There is a silly mental disorder called Paris syndrome.
190634	Я забронирую места для группы.	I'll reserve seats for the group.
208415	Корабль потерпел крушение.	The ship was wrecked.
211703	Эта картина не стоит того, чтобы идти смотреть на неё.	That painting isn't worth going to see.
212879	Тот грузовик загружен мебелью.	That truck is loaded with furniture.
221300	Эти перчатки согревают ей руки.	These gloves keep her hands warm.
221858	Нам бы только перебраться через эту гору, а дальше всё проще простого.	Once we get over this mountain, the rest is a piece of cake.
231650	Тебе следует принять во внимание его болезнь.	You should take his illness into account.
237538	С завтрашнего дня мне придётся как следует заниматься самому.	Starting tomorrow, I'll have to practice properly on my own.
370833	-
521110	Сестра Скотта любит готовить сасими.	Scott's older sister likes making sashimi.
540077	Под сливой не поправляй шапку.	Don't adjust your hat under a plum tree.
604643	Он обеспечил прозрачность организации.	He ensured the organization's transparency.
628696	Как только мы вошли в комнату, нас ошеломил запах гниющего мяса.	As soon as we entered the room, we were overwhelmed by the smell of rotting meat.
630616	-
738551	Слишком много болтаешь.	You chatter too much.
739214	Моя жена работает врачом.	My wife is a doctor.
753071	Мы заявили о его исчезновении.	We reported his disappearance.
769959	-
774336	Прямых дорог к вершине горы не бывает.	There is no straight road to the top of a mountain.
797411	Он прирождённый холостяк.	He's a bachelor through and through.
825008	Японию постигло небывалое землетрясение.	Japan was struck by an unprecedented earthquake disaster.
897326	Страшный вчера был тайфун, да? Окно всю ночь дребезжало.	That typhoon yesterday was something, wasn't it? The window rattled all night long.
899599	Время от времени мне хочется всё забыть и расслабиться.	Once in a while, I want to forget everything and just relax.
900042	Мы поехали в Нагою и заодно, сделав небольшой крюк, съездили ещё и в Гифу.	We went to Nagoya and, while we were at it, made a little detour to Gifu as well.
909475	Когда я хожу за покупками, то невольно покупаю что-нибудь лишнее.	Whenever I go shopping, I end up buying things I don't need.
912340	Свободное время она тратила на изготовление кукол.	She spent her free time making dolls.
942170	Экзамен на знание японского языка предназначен для тех, кто изучает японский.	The Japanese-Language Proficiency Test is a certification exam for people learning Japanese.
1019098	Давайте немедленно прекратим эти бессмысленные споры.	Let's stop this pointless quarrel right now.
1036794	Чтобы удостовериться, он ещё раз проверил расчёты.	He checked the calculations once more to make sure.
1058928	Восхваляй море, но оставайся на земле.	Praise the sea, but stay on land.
1068946	Люсия, у тебя есть старшая или младшая сестра?	Lucia, do you have an older or younger sister?
1069448	Я жду разрешения.	I'm waiting for approval.
1090080	Мари поёт лучше всех девочек в классе.	Marie sings the best of all the girls in her class.
1090085	Они пробрались сквозь толпу.	They pushed their way through the crowd.
1099069	Думаю, эта книга тебя тоже очень заинтересует.	I think you'll find this book very interesting too.
1139903	Дело не в том, что я не люблю машины, просто бюджет не позволяет.	It's not that I dislike cars; my budget just won't allow it.
1147414	Рыба плывёт вверх по течению.	The fish are swimming upstream.
1153237	Здорово, что я решился тебе открыться. На душе легче стало.	I'm glad I worked up the courage to tell you. I feel so relieved.
1160574	Я беспокоюсь, не заблудилась ли она.	I'm worried she might have gotten lost.
1180743	Нет, мужчин такого типа я физически не переношу.	No, I physically can't stand that type of man.
1182475	Из-за него мне очень неприятно.	I'm very upset because of him.
1189166	Мам, если разделить десять конфет на троих, то одна останется.	Mom, if the three of us split ten candies, there'll be one left over.
1326598	Держи это в секрете, ведь если узнают, будет беда.	Keep it a secret, because there'll be trouble if anyone finds out.
1485413	Это лишь пустая трата денег налогоплательщиков.	That's nothing but a waste of taxpayers' money.
1487107	Тома поразило, насколько тесным был новый купальник Мэри.	Tom was surprised at how tight Mary's new swimsuit was.
1509044	Я сегодня занят как никогда.	Today I'm even busier than usual.
1614586	Посевам нужен дождь.	The crops need rain.
1636450	Меня непросто разозлить, но даже у моего терпения есть предел.	I don't get irritated easily, but even my patience has its limits.
1648432	Эпидемия распространилась на многие страны.	The epidemic spread to many countries.
1650325	Она всю ночь ухаживала за своим больным ребёнком.	She nursed her sick child all through the night.
1697676	Корона королевы сделана из золота.	The queen's crown is made of gold.
1726612	В последнее время цены на бензин стремительно растут.	Gas prices have been skyrocketing lately.
1753683	Она в хороших отношениях со своими одноклассниками.	She gets along well with her classmates.
1892235	Я планирую сменить работу.	I'm planning to change jobs.
1965482	Тами нашёл ошибку в структуре предложения.	Tami found a mistake in the sentence structure.
2116688	Это написано в книге судьбы.	This is written in the book of fate.
2117522	Она пьёт недостаточно грудного молока.	She isn't drinking enough breast milk.
2117588	Южный Судан официально стал независимым государством.	South Sudan officially became an independent state.
2117611	Написав письмо, она положила его в конверт.	After writing the letter, she put it in an envelope.
2122004	Она уговорила его купить новый дом.	She persuaded him to buy a new house.
2126246	Я оттачиваю свой меч.	I hone my sword.
2132491	-
2135150	В следующий понедельник праздник.	Next Monday is a holiday.
2135162	Было доказано, что он вор.	It was proven that he was a thief.
2140026	Мы отругали её за поведение.	We scolded her for her behavior.
2142053	Она относится к своему руководителю как к отцу.	She thinks of the leader as her own father.
2146648	Буря сорвала несколько черепиц.	The storm blew off several roof tiles.
2147687	Я бы хотел проводить выходные за чтением исторических книг или классической литературы.	On my days off, I'd like to spend my time reading history books or the classics.
2170063	Насилие продолжалось целых две недели.	The violence went on for two whole weeks.
2174809	Я дарю тебе книгу.	I'm giving you a book as a present.
2252798	-
2255563	Говорят, что он покончил с собой из-за того, что его фирма обанкротилась.	They say he killed himself because his company went bankrupt.
2256945	-
2261117	Том не знает разницы между советом и приказом.	Tom can't tell the difference between advice and an order.
2261138	Они потеряли единственного сына в аварии.	They lost their only son in an accident.
2271800	Меня выгнали из квартиры.	I got kicked out of my apartment.
2281212	Уксусная и лимонная кислоты кислые, а кислород не кислый.	Acetic acid and citric acid are sour, but oxygen isn't.
2283968	Я подумал, что пациент, наверное, пожилой человек.	I thought the patient was probably elderly.
2290356	Требование истца было отклонено.	The plaintiff's claim was dismissed.
2347372	Желания нынешних японцев не знают границ.	The desires of today's Japanese know no bounds.
2349437	Быть молодым тяжело, но ты не сдавайся.	Youth is hard, but please don't give up.
2349442	Почему люди снова и снова совершают ошибки?	Why do people keep making mistakes over and over?
2353078	Стекло можно легко разрезать ножницами в воде.	Glass can easily be cut with scissors underwater.
2362371	Нет, я всё-таки предпочитаю есть овощи.	No, I still prefer to eat vegetables.
2378261	Том объявил Мэри о разрыве отношений.	Tom told Mary he was cutting ties with her.
2390179	Я никогда не завтракаю.	I always skip breakfast.
2392498	Это весьма обычное явление.	That's an extremely common phenomenon.
2406951	-
2406964	Он работает как одержимый, совершенно не думая о семье.	He works furiously, without any regard for his family.
2412585	Я наполнил грудь чистым воздухом.	I took a deep breath of the clear air.
2420415	Снимаю перед тобой шляпу: ты называешь чёрное чёрным, а белое белым.	Hats off to you for always making it clear what's right and what's wrong.
2435671	Цель этой главы заключается в том, чтобы ответить на приведённые ниже вопросы.	The purpose of this chapter is to answer the following questions.
2446679	Моя совесть доставляет мне массу хлопот.	My conscience is a real nuisance to me.
2457062	Завтра утром корабль отплывёт из Гонолулу.	The ship leaves Honolulu tomorrow morning.
2459353	Когда я услышал блестящее объяснение учителя, у меня словно пелена спала с глаз.	When I heard the teacher's brilliant explanation, the scales fell from my eyes.
2462799	Эта комната украшена японскими предметами.	This room is decorated with Japanese-style things.
2555116	Всякое общение по природе своей нуждается во лжи.	All social interaction by its very nature requires falsehood.
2638186	-
2684837	Допустим, она тебе нравится.	Let's say you like her.
2706801	У Тома широкий круг знакомств.	Tom has a wide circle of acquaintances.
2745578	-
2753545	Вот-вот пойдёт дождь.	It looks like it's going to rain any minute.
2809228	Человеку нельзя без идеалов.	A person is no good without ideals.
2830779	Мои бицепсы и трицепсы с нетерпением ждут часа освобождения!	My biceps and triceps are eagerly awaiting the hour of their release!
2850249	Давайте вместе сварим и поедим рыбу!	Let's all simmer the fish and eat it together!
2875697	Я знаю это в совершенстве.	I know it perfectly.
2876093	Они определённо выжили.	They have definitely survived.
2901184	Чего тебе не хватает, так это настойчивости.	What you lack is perseverance.
2911999	Рихард Дубра является одним из ведущих композиторов современной Латвии.	Rihards Dubra is one of the leading composers of modern Latvia.
2950310	Том настойчиво подчёркивал важность образования.	Tom stressed the importance of education.
2970686	Том кивнул, повернувшись ко мне спиной.	Tom nodded with his back still turned to me.
2971752	Старших надо уважать.	We should respect our elders and superiors.
