w1285790	преодоление	overcoming
w1501400	несколько; множественное число	multiple, several; plural
w1239680	ситуация, этап; позиция (в игре)	situation, phase; position (in a game)
w1226960	обратный, противоположный	reverse, opposite
w1257040	ссора, драка	quarrel, fight
w1502540	припасы, материальные ресурсы	goods, supplies
w2067560	солдат; войска	soldier; troops
w1201330	военно-морской флот	navy
w1561240	свеча	candle
w1469840	мучить, донимать	to torment, to bother
w1290680	незначительный, пустяковый	trivial, slight
w1155650	по-прежнему, всё ещё	still, as before
w1195790	налогообложение	taxation
w1545160	малыш, маленький ребёнок	young child, toddler
w1042200	лагерь; кемпинг	camp; camping
w1236250	жёсткий, непреклонный	firm, unyielding, hard-line
w1477680	развитие, рост	development, growth
w1428220	тюремное заключение	imprisonment (with labor)
w1428830	смотреть; любоваться (видом)	to look at, to gaze at; to view
w1478660	решение, вердикт; оценка	judgment, decision, ruling
w1217070	игрушка	toy
w1885500	-
w1158810	одежда	clothes
w1583630	с (чем-то), включая; вид, облик	with, including; appearance
w1358550	столовая; закусочная	dining hall, cafeteria; diner
w1387010	язык (орган)	tongue
w1039490	списывание (на экзамене)	cheating (on an exam)
w1397450	класс (в школе); группа, команда	class; group, team
w1555850	сосед	neighbor
w1312060	взгляд	gaze, line of sight
w1040250	бензин	gasoline, petrol
w1612050	если вдруг; непредвиденный случай	if, in case; emergency
w1429330	гармония, согласие	harmony
w1562600	планета	planet
w1296470	запас (на складе), наличие	stock, inventory
w1581310	сторона	side
w1612690	есть, быть (очень вежл.)	to be, to exist (very polite)
w1000220	очевидный, ясный	obvious, clear
w1401810	премьер-министр	prime minister
w1001090	ага, да; хм	yeah, uh-huh; hmm
w1604690	посещение (больного); сочувствие	visit (to the sick); sympathy
w1196010	ошибка, проступок	fault, mistake
w1100610	процент	percent
w1541830	богатый, состоятельный	wealthy, well-off
w1065290	джаз	jazz
w1539730	храбрый, отважный	brave, courageous
w1522330	настоящий, полноценный; полномасштабный	genuine, authentic; full-scale
w1143920	правило	rule
w1982860	плата (за что-то); поколение, эпоха	charge, fee; generation, era
w1532800	беспокойство, неудобство; надоедливый	trouble, nuisance; annoying
w1501930	буддизм	Buddhism
w1356330	страсть, энтузиазм	passion, enthusiasm
w1355000	опаздывать (на поезд); отставать	to miss (a train); to fall behind
w1400330	раннее утро	early morning
w1097810	мотоцикл	motorcycle, motorbike
w1339660	командировка	business trip
w1404040	бок, сторона; аспект	side, flank; aspect
w1287030	оборона страны	national defense
w1213990	вывеска; главная приманка	signboard; main attraction
w1599390	чинить, исправлять	to repair, to fix, to correct
w1514310	расхаживать, бродить	to walk around
w2105950	-
w1257110	твёрдый, жёсткий; скованный	hard, stiff; rigid
w1397590	скрещивать (руки); собирать; объединяться	to cross (arms); to assemble; to team up
w1225170	инженер, техник	engineer, technician
w1612340	на улице, на дороге	on the road, on the street
w1228330	поглощение, впитывание	absorption
w1087630	тоннель	tunnel
w1484660	эвакуация, укрытие	evacuation, taking refuge
w1250310	форма, формат; формальность	form, format; formality
w1314050	заранее, предварительно	beforehand, in advance
w1278440	площадь; ширина	area, size; width
w1327560	под рукой, при себе	at hand, on hand
w1277730	успешный, в хорошей форме	going well, in good shape
w1352670	постановка, показ (спектакля)	performance, staging
w1323030	извинение	apology
w1192850	выполнять, исполнять (роль, долг)	to accomplish, to fulfill
w1753700	-
w1281930	мероприятие, праздник	event, function
w1095040	пеший поход	hiking
w1062240	шоу, представление; выставка	show; exhibition
w1237080	урок (из опыта), поучение	lesson, moral
w1957060	логика, резон; принцип	reason, logic; principle
w1300520	-
w1467500	терпение, выдержка	patience, perseverance
w1446300	замерзание; замораживание (цен)	freezing; freeze (of prices, assets)
w1295740	клетка (организма)	cell
w1555710	круг, кольцо; обруч	ring, circle; hoop
w1389610	оккупация, захват	occupation, seizure
w1476060	огромный, колоссальный	vast, enormous
w1159090	прискорбный, досадный	regrettable, deplorable
w1511450	колебание, изменение	fluctuation, change
w1531090	противоречие	contradiction
w1195710	урок (в учебнике); отдел	lesson (in a textbook); section
w1268770	друг друга; взаимный	each other; mutual
w1179760	туда и обратно; билет туда-обратно	round trip; return ticket
w1158390	переезд; передача (собственности)	relocation; transfer (of property)
w1377030	Новый год (праздники)	New Year (holidays)
w1611020	почему, зачем	why, what for
w1339340	карьерный рост, успех в жизни	getting ahead, career success
w1206910	-
w1541570	способный, компетентный	capable, competent
w1452340	сопровождение; совместная поездка	accompanying, going together
w2154810	до свидания; прощай	goodbye; farewell
w1296160	суд, здание суда	court, courthouse
w1314240	дело, вопрос, обстоятельство	matter, affair, circumstance
w1449790	правление, управление (страной)	rule, governing
w1001830	старший брат; молодой человек (обращение)	older brother; young man
w1175170	у вокзала, привокзальный район	in front of the station
w1196490	переутомление	overwork
w1509970	дача, загородный дом	holiday house, villa
w1759230	Вторая мировая война	World War II
w1464030	солнечный свет; Никко (город)	sunlight; Nikko (city)
w1473210	забота, внимание (к другим)	consideration, thoughtfulness
w1168880	вызывать, провоцировать	to cause, to bring about
w1589880	иметь отношение, быть причастным	to be involved; to concern
w1199640	вращение; оборот (средств)	rotation, spin; turnover
w1389460	занимать (место, долю), составлять	to occupy; to account for
w1203520	внешность, внешний вид	appearance, looks
w1435740	пенсионный возраст; выход на пенсию	retirement age; retirement
w1400200	ранний подъём; жаворонок	getting up early; early riser
w2004390	под (руководством, законом); у (кого-то)	under (guidance, the law); beneath
w1101260	пилот, лётчик	pilot
w1277590	любопытство	curiosity
w1375260	пол; секс; натура, природа	sex, gender; sexuality; nature
w1531790	называть, давать имя	to name, to call
w1292960	воспроизведение; возрождение; переработка	playback; regeneration; recycling
w1329660	приём, принятие	acceptance, reception
w2772730	-
w1304560	сверхурочная работа	overtime (work)
w1369200	характер, личные качества	personality, character
w1546210	использовать, применять	to use, to make use of
w1546880	танец, пляска	dance, dancing
w1207130	наука, учёба; знания	learning, scholarship; science
w1309180	чуткость, сочувствие	consideration, compassion
w1494790	недовольство, жалоба	discontent, complaint
w1226510	набивать, упаковывать; сокращать	to stuff, to pack; to shorten
w1203270	снимать, отстёгивать; исключать	to remove, to take off; to exclude
w1588410	рожать; порождать	to give birth; to produce
w1263120	уменьшаться, сокращаться	to decrease, to diminish
w1318340	автоматический	automatic
w2172760	сходить (и вернуться); я пошёл	to go (and come back); I'm off
w1511790	убирать, приводить в порядок; улаживать	to tidy up, to put away; to settle
w1350040	исчезать; гаснуть	to disappear; to go out (of a light)
w1337780	дзюку (подготовительные курсы)	cram school
w1422230	бамбук	bamboo
w1478560	судья	judge
w1579610	-
w1593590	угощение; вкусная еда	treat; feast, delicious food
w1588550	отдел (магазина), прилавок	sales floor, counter
w1251100	проходить (о времени)	to pass (of time)
w1196060	радикальный, крайний; чрезмерный	radical, extreme; excessive
w1603550	хвалить	to praise
w1173750	кинотеатр	cinema, movie theater
w1352710	верх и низ; подъём и спад	top and bottom; rise and fall
w1533950	одеяло, плед	blanket
w1001990	старшая сестра; девушка (обращение)	older sister; young lady
w1372120	поверхность воды	water surface
w1344150	книга (книжн.)	book (formal)
w1429990	долгое время, много часов	long time, many hours
w1514840	могила	grave, tomb
w1189960	добавлять, прибавлять; включать	to add; to include
w1269880	отступление, движение назад; спад	retreat, backing up; decline
w1376640	именно, как раз; вот-вот	exactly, precisely; just about to
w1389870	исполнительный директор	senior managing director
w1597700	сбережения, накопления	savings
w1546610	требовать (времени, усилий)	to require, to take (time, effort)
w1505710	давать послушать; рассказывать	to let (someone) hear; to tell
w1365410	лучший друг, близкий друг	close friend, best friend
w1310920	труп, мёртвое тело	corpse, dead body
w1884400	занимать (много) времени	to take (a lot of) time
w1420650	интеллектуальный, умственный	intellectual
w1497960	поражение, проигрыш	defeat, loss
w1303060	вершина горы	summit, mountaintop
w1531680	мастер, знаток	master, expert
w1358660	аппетит	appetite
w1467190	срок полномочий	term of office
w1231580	говядина	beef
w1254290	финансовые итоги, закрытие счетов	financial results, closing of accounts
w1436900	грязь	mud, dirt
w1497430	всплывать, плавать; приходить на ум	to float; to come to mind
w1589220	успокаиваться; обосновываться	to calm down; to settle down
w1294160	наилучшее, всё возможное	the very best, utmost
w1342860	новичок	beginner
w1597780	ловить, хватать; задерживать	to catch, to grab; to arrest
w1587070	использовать (с пользой); оставлять в живых	to make good use of; to let live
w1466180	торги, тендер	bidding, tender
w1582180	сообщение (для кого-то), записка	message (left for someone)
w1228470	дворец	palace
w2059630	идти следом, сопровождать; прилагаться	to follow, to come along; to come with
w1458640	гражданская война	civil war
w1375600	состоять (из); складываться; иметь силу	to consist of; to be concluded; to hold true
w1161190	-
w1017070	совет	advice
w1455870	монополия; единоличное владение	monopoly; keeping to oneself
w1110110	вилка	fork
w1287280	зерно, злаки	grain, cereals
w1263630	действующий, нынешний	current, in force
w1013310	в радостном волнении	excited, thrilled
w1171120	правая рука; справа	right hand; right side
w1881690	фотографировать	to take a photo
w1472730	позади, за спиной; закулисье	behind, the rear; behind the scenes
w1264600	пословица, поговорка	proverb, saying
w1247010	повторение; снова и снова	repetition; repeatedly
w1297130	район Осака-Кобе; Хансин	Osaka-Kobe area; Hanshin
w1405710	принадлежать, относиться (к)	to belong to
w1302410	ссылка (на источник), справка	reference, consultation
w1318880	самостоятельность, независимость	independence, self-reliance
w1269470	поддержка, спонсорство	support, backing, sponsorship
w1435530	определение	definition
w1297650	сочинение музыки, композиция	composing music, composition
w1606590	расставаться; расходиться (о паре)	to part; to break up
w1147870	робот	robot
w1499690	конверт	envelope
w1589050	поступок; поведение	deed, act; conduct
w1432330	загонять; припирать к стенке	to drive (into); to corner
w1069520	фигура (человека); стиль	figure, physique; style
w1365480	диагноз, обследование	diagnosis, examination
w1347640	сёги (японские шахматы)	shogi, Japanese chess
w1226610	наоборот, напротив	on the contrary, rather
w1274550	обнародование, официальное объявление	official announcement, publication
w1198060	уход (за больным, пожилым)	nursing care, caregiving
w1606800	доля, соотношение; десять процентов	rate, ratio; ten percent
w1240180	очень, крайне	very, extremely
w1278830	паниковать, суетиться; торопиться	to panic, to be flustered; to hurry
w1472030	утилизация, уничтожение; отмена	disposal, scrapping; repeal
w1000920	добро пожаловать; приходите	welcome; please come
w1216880	содержать, включать в себя	to contain, to include
w1242850	сейф; казна	safe, vault; treasury
w1562340	манера речи	way of speaking
w1496240	окрестности, поблизости	vicinity, neighborhood
w1338850	выход	exit
w1499310	член клуба, кружка; сотрудник отдела	member (of a club); staff
w1509350	привычка; причуда, особенность	habit; quirk, peculiarity
w1398560	созидание, творчество	creation
w1498260	оскорбление	insult
w1190740	милый, прелестный	lovely, cute
w1207080	факультет	faculty, department
w1295530	мелкий; подробный; мелочный	small, fine; detailed; petty
w1196120	оплошность; халатность, неосторожность	error, blunder; negligence
w1315060	ребёнок, дети; младший школьник	child, children; schoolchild
w1137620	парусная яхта	yacht, sailboat
w1009300	любой (из), какой угодно	any (one), whichever
w1002320	дедушка; старик	grandfather; old man
w1348440	писатель, романист	novelist
w1278380	счастье, удача; к счастью	happiness, luck; fortunately
w1205510	ядро; ядерное оружие; косточка	nucleus, core; nuclear weapons; pit
w1204330	вред, ущерб	harm, damage
w2213220	принимать во внимание, учитывать	to take into consideration
w1440660	выставка	exhibition
w1593910	подвергать (опасности); выставлять напоказ	to expose (to danger, the public)
w1381160	искренне, поистине (вежл.)	truly, sincerely (polite)
w1371920	водопровод; водопроводная вода	water supply; tap water
w1216050	участие, причастность	involvement, participation
w1350220	пассивный, нерешительный	passive, half-hearted
w1347880	ученик начальной школы	elementary school student
w1441080	смена, поворот; превращение	conversion, changeover, switch
w1244340	страдание, мучение	suffering, pain
w1594920	похвала, восхищение	praise, admiration
w2019390	-
w1327980	комиссия, сбор (за услугу)	fee, commission
w1225530	сомнительный, подозрительный	doubtful, questionable
w1600190	скидка	discount, price reduction
w1253270	кит	whale
w1442270	традиционный	traditional
w1381550	юность, молодость	youth, springtime of life
w1407370	другая сторона; с другой стороны	the other side; on the other hand
w1236530	сильный ветер	strong wind
w1513060	бэнто (обед в коробочке)	bento, boxed lunch
w1347180	магазин, лавка	shop, store
w1223330	заполнение (бланка), запись	filling in, entry
w1489320	голос (на выборах); бюллетень	vote; ballot
w1481550	совершать (преступление, ошибку); нарушать	to commit (a crime, mistake); to violate
w1500720	возвращение (в строй, на работу)	return, comeback
w1546940	гораздо, намного; далеко	by far, much; far away
w1374810	создание, производство (фильма, книги)	production (of a film, work)
w1576760	жёлтый (цвет)	yellow
w1250680	мобильный телефон; ношение (при себе)	mobile phone; carrying (on oneself)
w1348630	пшеница	wheat
w1322320	выбрасывать; бросать, покидать	to throw away; to abandon
w1392910	спереди и сзади; до и после; около	front and back; before and after; about
w1253890	пропускать; обходиться без	to miss (doing); to do without
w1235700	сотрудничество, согласованность	cooperation, coordination
w1044140	одноклассник	classmate
w1245450	пространство	space
w1437700	бессонная ночь	staying up all night
w1552440	обращение (товаров, денег); сбыт	circulation; distribution
w1609210	-
w1336570	упор, акцент; главное	emphasis; important point
w1244520	жалоба, претензия	complaint
w1510690	необычный, странный	unusual, strange, odd
w1375390	характер, натура; свойство	nature, disposition; property
w1153670	дешёвый	cheap, inexpensive
w1319060	церемония; способ, стиль; формула	ceremony; style, method; formula
w1387930	передовой, развитый	advanced, developed
w1443760	телеграмма	telegram
w1453560	-
w1403310	увеличение, рост	increase, enlargement
w1547530	крыло	wing
w1270400	приход (вежл.); иди сюда	coming (polite); come here
