w1157170	毎晩[まいばん]|宿題[しゅくだい]|を|*します|。	Каждый вечер я делаю домашнее задание.	I do my homework every evening.
w1157170	週末[しゅうまつ]|に|テニス|を|*します|。	По выходным я играю в теннис.	I play tennis on weekends.
w1580640	駅[えき]|に|*人[ひと]|が|たくさん|います|。	На станции много людей.	There are a lot of people at the station.
w1580640	あの|*人[ひと]|は|誰[だれ]|です|か|。	Кто вон тот человек?	Who is that person?
w1311110	*私[わたし]|は|学生[がくせい]|です|。	Я студент.	I'm a student.
w1311110	これ|は|*私[わたし]|の|傘[かさ]|です|。	Это мой зонт.	This is my umbrella.
w1578850	毎日[まいにち]|学校[がっこう]|へ|*行きます[いきます]|。	Я каждый день хожу в школу.	I go to school every day.
w1578850	来年[らいねん]|日本[にほん]|に|*行きたい[いきたい]|です|。	В следующем году я хочу поехать в Японию.	I want to go to Japan next year.
w1259290	夜[よる]|は|テレビ|を|*見ます[みます]|。	По вечерам я смотрю телевизор.	I watch TV in the evenings.
w1259290	空[そら]|を|*見て[みて]|ください|。	Посмотрите на небо.	Please look at the sky.
w1547720	明日[あした]|、|友達[ともだち]|が|*来ます[きます]|。	Завтра придёт друг.	A friend is coming tomorrow.
w1547720	春[はる]|が|*来ました[きました]|。	Пришла весна.	Spring has come.
w1587040	もう|一度[いちど]|*言って[いって]|ください|。	Скажите ещё раз, пожалуйста.	Please say it again.
w1587040	日本語[にほんご]|で|何[なん]|と|*言います[いいます]|か|。	Как это сказать по-японски?	How do you say it in Japanese?
w1579110	*今日[きょう]|は|いい|天気[てんき]|です|ね|。	Сегодня хорошая погода, правда?	Nice weather today, isn't it?
w1579110	*今日[きょう]|は|何曜日[なんようび]|です|か|。	Какой сегодня день недели?	What day of the week is it today?
w1582710	*日本[にほん]|の|料理[りょうり]|が|好き[すき]|です|。	Я люблю японскую кухню.	I like Japanese food.
w1315920	今日[きょう]|は|*時間[じかん]|が|ありません|。	Сегодня у меня нет времени.	I don't have time today.
w1315920	東京[とうきょう]|まで|二[に]|*時間[じかん]|かかります|。	До Токио ехать два часа.	It takes two hours to get to Tokyo.
w1606560	英語[えいご]|が|*分かります[わかります]|か|。	Вы понимаете по-английски?	Do you understand English?
w1606560	よく|*分かりません[わかりません]|。	Я не очень понимаю.	I don't really understand.
w1358280	毎朝[まいあさ]|パン|を|*食べます[たべます]|。	Каждое утро я ем хлеб.	I eat bread every morning.
w1358280	何[なに]|か|*食べたい[たべたい]|です|。	Я хочу что-нибудь съесть.	I want to eat something.
w1371260	*水[みず]|を|一杯[いっぱい]|ください|。	Стакан воды, пожалуйста.	A glass of water, please.
w1588880	この|犬[いぬ]|は|とても|*大きい[おおきい]|です|。	Эта собака очень большая.	This dog is very big.
w1588880	*大きい[おおきい]|声[こえ]|で|話して[はなして]|ください|。	Говорите, пожалуйста, громче.	Please speak up.
w1540170	*友達[ともだち]|と|映画[えいが]|を|見ました[みました]|。	Мы с другом посмотрели фильм.	I watched a movie with a friend.
w1206730	*学校[がっこう]|は|九時[くじ]|に|始まります[はじまります]|。	Занятия в школе начинаются в девять.	School starts at nine.
w1206730	弟[おとうと]|は|まだ|*学校[がっこう]|に|います|。	Младший брат ещё в школе.	My younger brother is still at school.
w1522150	この|*本[ほん]|は|とても|面白い[おもしろい]|です|。	Эта книга очень интересная.	This book is very interesting.
w1522150	図書館[としょかん]|で|*本[ほん]|を|借ります[かります]|。	Я беру книги в библиотеке.	I borrow books from the library.
w1191730	六時[ろくじ]|に|*家[いえ]|に|帰ります[かえります]|。	Я возвращаюсь домой в шесть.	I go home at six.
w1361490	*新しい[あたらしい]|車[くるま]|が|欲しい[ほしい]|です|。	Я хочу новую машину.	I want a new car.
w1361490	この|店[みせ]|は|*新しい[あたらしい]|です|ね|。	Этот магазин новый, да?	This shop is new, isn't it?
w1277450	私[わたし]|は|猫[ねこ]|が|*好き[すき]|です|。	Я люблю кошек.	I like cats.
w1277450	どんな|音楽[おんがく]|が|*好き[すき]|です|か|。	Какую музыку вы любите?	What kind of music do you like?
w1387990	*先生[せんせい]|は|とても|優しい[やさしい]|です|。	Учитель очень добрый.	The teacher is very kind.
w1387990	山田[やまだ]|*先生[せんせい]|に|質問[しつもん]|します|。	Я задам вопрос учителю Ямаде.	I'll ask Professor Yamada a question.
w1169870	毎朝[まいあさ]|コーヒー|を|*飲みます[のみます]|。	Каждое утро я пью кофе.	I drink coffee every morning.
w1169870	薬[くすり]|を|*飲んで[のんで]|ください|。	Примите, пожалуйста, лекарство.	Please take your medicine.
w1584660	*明日[あした]|は|雨[あめ]|が|降る[ふる]|でしょう|。	Завтра, наверное, будет дождь.	It will probably rain tomorrow.
w1584660	また|*明日[あした]|。	До завтра!	See you tomorrow!
w1524720	*毎日[まいにち]|日本語[にほんご]|を|勉強します[べんきょうします]|。	Я каждый день учу японский.	I study Japanese every day.
w1443530	*電車[でんしゃ]|で|会社[かいしゃ]|に|行きます[いきます]|。	Я езжу на работу на электричке.	I go to work by train.
w1443530	*電車[でんしゃ]|が|遅れて[おくれて]|います|。	Поезд опаздывает.	The train is running late.
w1438690	明日[あした]|の|*天気[てんき]|は|どう|です|か|。	Какая погода будет завтра?	What will the weather be like tomorrow?
w1348870	日本語[にほんご]|を|*少し[すこし]|話せます[はなせます]|。	Я немного говорю по-японски.	I can speak a little Japanese.
w1348870	*少し[すこし]|待って[まって]|ください|。	Подождите немного, пожалуйста.	Please wait a moment.
w1304970	*仕事[しごと]|は|六時[ろくじ]|に|終わります[おわります]|。	Работа заканчивается в шесть.	Work ends at six.
w1304970	父[ちち]|は|銀行[ぎんこう]|で|*仕事[しごと]|を|して|います|。	Мой отец работает в банке.	My father works at a bank.
w1473740	スーパー|で|野菜[やさい]|を|*買います[かいます]|。	Я покупаю овощи в супермаркете.	I buy vegetables at the supermarket.
w1198180	駅[えき]|で|友達[ともだち]|に|*会います[あいます]|。	Я встречаюсь с другом на станции.	I'm meeting a friend at the station.
w1198180	また|*会いましょう[あいましょう]|。	Давайте ещё встретимся!	Let's meet again.
w1283190	この|かばん|は|*高い[たかい]|です|。	Эта сумка дорогая.	This bag is expensive.
w1283190	富士山[ふじさん]|は|日本[にほん]|で|一番[いちばん]|*高い[たかい]|山[やま]|です|。	Фудзи является самой высокой горой в Японии.	Mount Fuji is the highest mountain in Japan.
w1307850	公園[こうえん]|で|*子供[こども]|が|遊んで[あそんで]|います|。	В парке играют дети.	Children are playing in the park.
w1531710	お|*名前[なまえ]|は|何[なん]|です|か|。	Как вас зовут?	What's your name?
w1531710	ここ|に|*名前[なまえ]|を|書いて[かいて]|ください|。	Напишите здесь своё имя, пожалуйста.	Please write your name here.
w1175140	*駅[えき]|は|どこ|です|か|。	Где станция?	Where is the station?
w1171900	*雨[あめ]|が|降って[ふって]|います|。	Идёт дождь.	It's raining.
w1562350	母[はは]|と|電話[でんわ]|で|*話します[はなします]|。	Я разговариваю с мамой по телефону.	I talk with my mother on the phone.
w1562350	ゆっくり|*話して[はなして]|ください|。	Говорите, пожалуйста, медленнее.	Please speak slowly.
w1049180	*コーヒー|と|紅茶[こうちゃ]|、|どちら|が|好き[すき]|です|か|。	Что вы больше любите: кофе или чай?	Which do you like better, coffee or tea?
w1008630	今日[きょう]|は|*とても|暑い[あつい]|です|。	Сегодня очень жарко.	It's very hot today.
w1163400	*一緒に[いっしょに]|行きましょう[いきましょう]|。	Пойдёмте вместе!	Let's go together.
w1163400	家族[かぞく]|と|*一緒に[いっしょに]|住んで[すんで]|います|。	Я живу вместе с семьёй.	I live with my family.
w1410590	ここ|で|*待って[まって]|います|。	Я жду здесь.	I'm waiting here.
w1410590	ちょっと|*待って[まって]|ください|。	Подождите минутку, пожалуйста.	Please wait a minute.
