w1334480	*十一月[じゅういちがつ]|に|なる|と|、|朝[あさ]|は|かなり|寒く[さむく]|なります|。	В ноябре по утрам становится довольно холодно.	In November, the mornings get quite cold.
w1190580	日本[にほん]|は|国連[こくれん]|に|*加盟[かめい]|して|います|。	Япония является членом ООН.	Japan is a member of the UN.
w1258420	会社[かいしゃ]|から|の|*献金[けんきん]|が|問題[もんだい]|に|なった|。	Пожертвования от компании стали проблемой.	Donations from the company became an issue.
w1593610	次[つぎ]|の|*五輪[ごりん]|は|どこ|で|開かれます[ひらかれます]|か|。	Где пройдут следующие Олимпийские игры?	Where will the next Olympics be held?
w1331240	今年[ことし]|は|学校[がっこう]|の|創立[そうりつ]|百[ひゃく]|*周年[しゅうねん]|です|。	В этом году школе исполняется сто лет.	This year marks the hundredth anniversary of the school's founding.
w1214980	今夜[こんや]|は|星[ほし]|の|*観測[かんそく]|に|ぴったり|の|天気[てんき]|だ|。	Сегодня ночью погода идеально подходит для наблюдения за звёздами.	Tonight's weather is perfect for stargazing.
w1360380	書類[しょるい]|の|*審査[しんさ]|に|は|一[いっ]|週間[しゅうかん]|かかります|。	Проверка документов занимает неделю.	The review of the documents takes a week.
w1380980	駅[えき]|の|*西側[にしがわ]|に|大きな[おおきな]|公園[こうえん]|が|あります|。	С западной стороны станции есть большой парк.	There is a big park on the west side of the station.
w1321360	調査[ちょうさ]|で|事故[じこ]|の|*実態[じったい]|が|明らか[あきらか]|に|なった|。	Расследование выявило, что на самом деле произошло.	The investigation revealed what really happened in the accident.
w1606800	*割り[わり]|の|いい|仕事[しごと]|を|探して[さがして]|いる|。	Я ищу выгодную работу.	I'm looking for a job that pays well.
w1374810	この|映画[えいが]|の|*制作[せいさく]|に|は|三[さん]|年[ねん]|かかった|。	На создание этого фильма ушло три года.	It took three years to make this film.
w1235700	チーム|で|は|*協調[きょうちょう]|が|大切[たいせつ]|だ|。	В команде важно умение сотрудничать.	Cooperation is important in a team.
w1316290	その|車[くるま]|は|*時速[じそく]|百[ひゃく]|キロ|で|走って[はしって]|いた|。	Машина ехала со скоростью сто километров в час.	The car was going a hundred kilometers an hour.
w1075090	この|ガム|は|五十[ごじゅう]|*セント|です|。	Эта жвачка стоит пятьдесят центов.	This gum costs fifty cents.
w1559560	チーム|は|五[ご]|*連勝[れんしょう]|した|。	Команда одержала пять побед подряд.	The team won five games in a row.
w1000160	夏[なつ]|は|いつも|*Ｔシャツ|を|着て[きて]|います|。	Летом я всегда хожу в футболке.	In summer I always wear a T-shirt.
w1232440	会社[かいしゃ]|は|大阪[おおさか]|に|新しい[あたらしい]|*拠点[きょてん]|を|作った[つくった]|。	Компания открыла новую базу в Осаке.	The company set up a new base in Osaka.
w1467590	この|建物[たてもの]|は|文化財[ぶんかざい]|に|*認定[にんてい]|された|。	Это здание признано объектом культурного наследия.	This building was designated a cultural property.
w1154030	*安全保障[あんぜんほしょう]|は|政府[せいふ]|の|大切[たいせつ]|な|仕事[しごと]|だ|。	Обеспечение безопасности является важной задачей правительства.	National security is an important job of the government.
w1252450	*警視庁[けいしちょう]|は|事件[じけん]|の|捜査[そうさ]|を|始めた[はじめた]|。	Токийская полиция начала расследование этого дела.	The Tokyo Metropolitan Police began investigating the case.
w1317830	ごみ|の|出し方[だしかた]|は|*自治体[じちたい]|によって|違う[ちがう]|。	Правила выброса мусора зависят от муниципалитета.	How to put out garbage depends on the local government.
w1396260	壁[かべ]|の|*全面[ぜんめん]|に|絵[え]|が|描いて[かいて]|ある|。	Вся стена расписана картинами.	The whole wall is covered with paintings.
w1517310	この|団体[だんたい]|は|*法人[ほうじん]|として|登録[とうろく]|されて|いる|。	Эта организация зарегистрирована как юридическое лицо.	This organization is registered as a legal entity.
w1543110	彼[かれ]|は|*予選[よせん]|で|負けて[まけて]|しまった|。	Он проиграл в отборочном туре.	He lost in the preliminary round.
w1613860	うち|の|チーム|は|二[に]|*回戦[かいせん]|で|負けた[まけた]|。	Наша команда проиграла во втором раунде.	Our team lost in the second round.
w1657590	彼[かれ]|は|*今季[こんき]|十[じゅっ]|本[ぽん]|の|ホームラン|を|打った[うった]|。	В этом сезоне он выбил десять хоумранов.	He hit ten home runs this season.
w1001150	*えっと|、|何[なん]|の|話[はなし]|だっけ|。	Э-э, о чём мы говорили?	Um, what were we talking about?
w1304290	鉄[てつ]|は|空気[くうき]|中[ちゅう]|で|*酸化[さんか]|する|。	Железо окисляется на воздухе.	Iron oxidizes in air.
w1379670	新しい[あたらしい]|アイデア|を|計画[けいかく]|に|*盛り込んだ[もりこんだ]|。	Мы включили в план новые идеи.	We incorporated new ideas into the plan.
w1424490	桜[さくら]|は|四月[しがつ]|*中旬[ちゅうじゅん]|に|咲きます[さきます]|。	Сакура цветёт в середине апреля.	The cherry blossoms bloom in mid-April.
w1427100	この|写真[しゃしん]|に|は|*著作権[ちょさくけん]|が|ある|。	На эту фотографию распространяется авторское право.	This photo is protected by copyright.
w1059430	昔[むかし]|は|よく|*ＣＤ|を|買って[かって]|いた|。	Раньше я часто покупал компакт-диски.	I used to buy CDs a lot.
w1392750	*前期[ぜんき]|の|試験[しけん]|は|七月[しちがつ]|に|あります|。	Экзамены первого семестра проходят в июле.	The first-semester exams are in July.
w1503630	水[みず]|の|*分子[ぶんし]|は|水素[すいそ]|と|酸素[さんそ]|で|できて|いる|。	Молекула воды состоит из водорода и кислорода.	A water molecule is made of hydrogen and oxygen.
w1204450	費用[ひよう]|を|*概算[がいさん]|して|みましょう|。	Давайте прикинем расходы.	Let's make a rough estimate of the cost.
w1253450	姉[あね]|は|小さな[ちいさな]|*劇団[げきだん]|に|入って[はいって]|いる|。	Старшая сестра играет в небольшой театральной труппе.	My older sister belongs to a small theater company.
w1415370	これ|が|夢[ゆめ]|へ|の|*第一歩[だいいっぽ]|だ|。	Это первый шаг к мечте.	This is the first step toward my dream.
w1401920	*草の根[くさのね]|の|運動[うんどう]|が|社会[しゃかい]|を|変えた[かえた]|。	Движение снизу изменило общество.	A grassroots movement changed society.
w1115820	電車[でんしゃ]|が|*プラットホーム|に|入って[はいって]|きた|。	Поезд подошёл к платформе.	The train pulled into the platform.
w1208980	父[ちち]|は|*株式会社[かぶしきがいしゃ]|に|勤めて[つとめて]|いる|。	Отец работает в акционерном обществе.	My father works for a corporation.
w1466480	彼女[かのじょ]|の|絵[え]|が|コンクール|で|*入選[にゅうせん]|した|。	Её картина прошла отбор на конкурсе.	Her painting was selected in the competition.
w1458650	*内線[ないせん]|の|三[さん]|番[ばん]|に|電話[でんわ]|して|ください|。	Позвоните, пожалуйста, на внутренний номер три.	Please call extension three.
w1230260	地震[じしん]|で|*給水[きゅうすい]|が|止まった[とまった]|。	Из-за землетрясения прекратилась подача воды.	The water supply stopped because of the earthquake.
w1193260	週末[しゅうまつ]|に|*歌劇[かげき]|を|見[み]|に|行った[いった]|。	На выходных я ходил в оперу.	I went to see an opera on the weekend.
w1658740	練習[れんしゅう]|と|*実戦[じっせん]|は|全然[ぜんぜん]|違う[ちがう]|。	Тренировка и настоящий бой совсем не одно и то же.	Practice and real combat are completely different.
w1285100	二人[ふたり]|の|意見[いけん]|が|*合致[がっち]|した|。	Мнения двоих совпали.	The two opinions matched.
w1374000	*世紀末[せいきまつ]|の|雰囲気[ふんいき]|が|漂って[ただよって]|いた|。	Витала атмосфера конца века.	There was a fin-de-siècle atmosphere in the air.
w1584510	試合[しあい]|に|向けて[むけて]|準備[じゅんび]|は|*万全[ばんぜん]|だ|。	К матчу мы полностью готовы.	We're fully prepared for the match.
w1588990	船[ふね]|は|*沖合[おきあい]|に|停泊[ていはく]|して|いる|。	Судно стоит на якоре в открытом море.	The ship is anchored offshore.
w1331210	それ|は|*周知[しゅうち]|の|事実[じじつ]|だ|。	Это общеизвестный факт.	That's common knowledge.
w1222930	ピラミッド|は|*紀元前[きげんぜん]|に|造られた[つくられた]|。	Пирамиды были построены до нашей эры.	The pyramids were built before Christ.
w1410840	犯人[はんにん]|は|*替え玉[かえだま]|を|使って[つかって]|逃げた[にげた]|。	Преступник сбежал, воспользовавшись двойником.	The criminal escaped by using a double.
w1220640	彼[かれ]|は|有名[ゆうめい]|な|将棋[しょうぎ]|の|*棋士[きし]|だ|。	Он известный профессиональный игрок в сёги.	He's a famous professional shogi player.
w1157330	*為替[かわせ]|の|変動[へんどう]|で|輸入品[ゆにゅうひん]|が|高く[たかく]|なった|。	Из-за колебаний курса валют импортные товары подорожали.	Exchange rate fluctuations made imported goods more expensive.
w1168830	消費税[しょうひぜい]|の|*引き下げ[ひきさげ]|を|求める[もとめる]|声[こえ]|が|多い[おおい]|。	Многие требуют снижения налога на потребление.	Many people are calling for a cut in the consumption tax.
w1173090	新しい[あたらしい]|システム|の|*運用[うんよう]|が|始まった[はじまった]|。	Новая система начала работать.	Operation of the new system has begun.
w1263780	*現職[げんしょく]|の|大統領[だいとうりょう]|が|再選[さいせん]|された|。	Действующий президент был переизбран.	The incumbent president was re-elected.
w1274380	*公的[こうてき]|な|場[ば]|で|は|敬語[けいご]|を|使う[つかう]|。	В официальной обстановке говорят вежливо.	In formal settings, people use polite language.
w1285140	二つ[ふたつ]|の|学校[がっこう]|が|*合同[ごうどう]|で|運動会[うんどうかい]|を|開いた[ひらいた]|。	Две школы провели совместный спортивный праздник.	The two schools held a joint sports day.
w1286120	この|鉄道[てつどう]|は|昔[むかし]|、|*国営[こくえい]|だった|。	Раньше эта железная дорога была государственной.	This railway used to be state-run.
w1292590	地震[じしん]|の|後[あと]|、|町[まち]|の|*再建[さいけん]|が|進んで[すすんで]|いる|。	После землетрясения идёт восстановление города.	The town is being rebuilt after the earthquake.
w1293560	会社[かいしゃ]|は|組織[そしき]|の|*再編[さいへん]|を|発表[はっぴょう]|した|。	Компания объявила о реорганизации.	The company announced a reorganization.
w1296810	新しい[あたらしい]|計画[けいかく]|に|は|*財源[ざいげん]|が|足りない[たりない]|。	На новый план не хватает средств.	There isn't enough funding for the new plan.
w1317860	彼[かれ]|は|毎朝[まいあさ]|、|*自主[じしゅ]|練習[れんしゅう]|を|して|いる|。	Каждое утро он тренируется самостоятельно.	He does extra practice on his own every morning.
w1325980	計画[けいかく]|は|若い[わかい]|社員[しゃいん]|が|*主導[しゅどう]|した|。	Проект возглавили молодые сотрудники.	The plan was led by young employees.
w1374510	給料[きゅうりょう]|の|格差[かくさ]|を|*是正[ぜせい]|する|必要[ひつよう]|が|ある|。	Нужно устранить разрыв в зарплатах.	The wage gap needs to be corrected.
w1388430	今日[きょう]|は|彼[かれ]|が|*先発[せんぱつ]|の|ピッチャー|だ|。	Сегодня он стартовый питчер.	He's the starting pitcher today.
w1433230	彼[かれ]|は|*通算[つうさん]|五百[ごひゃっ]|本[ぽん]|の|ホームラン|を|打った[うった]|。	За всю карьеру он выбил пятьсот хоумранов.	He hit five hundred home runs in total.
w1447560	夏休み[なつやすみ]|に|*東欧[とうおう]|を|旅行[りょこう]|した|。	На летних каникулах я путешествовал по Восточной Европе.	I traveled around Eastern Europe during summer vacation.
w1483680	この|クラス|は|男女[だんじょ]|の|*比率[ひりつ]|が|同じ[おなじ]|だ|。	В этом классе мальчиков и девочек поровну.	This class has the same number of boys and girls.
w1512170	借りた[かりた]|土地[とち]|の|*返還[へんかん]|を|求められた[もとめられた]|。	От нас потребовали вернуть арендованную землю.	We were asked to return the land we had borrowed.
w1540080	両国[りょうこく]|は|*友好[ゆうこう]|関係[かんけい]|を|深めて[ふかめて]|いる|。	Две страны укрепляют дружеские отношения.	The two countries are deepening their friendly relations.
w1559740	その|チーム|は|三[さん]|*連覇[れんぱ]|を|果たした[はたした]|。	Эта команда стала чемпионом три раза подряд.	The team won its third straight title.
w1560350	*労組[ろうそ]|は|賃上げ[ちんあげ]|を|求めて[もとめて]|いる|。	Профсоюз требует повышения зарплаты.	The union is demanding a pay raise.
w1583130	新しい[あたらしい]|委員会[いいんかい]|が|来月[らいげつ]|*発足[ほっそく]|する|。	Новый комитет начнёт работу в следующем месяце.	A new committee will be launched next month.
w1592630	長い[ながい]|議論[ぎろん]|に|やっと|*決着[けっちゃく]|が|ついた|。	Долгий спор наконец разрешился.	The long debate was finally settled.
w1593040	姉[あね]|は|会社[かいしゃ]|で|*広報[こうほう]|の|仕事[しごと]|を|して|いる|。	Старшая сестра работает в компании по связям с общественностью.	My older sister works in public relations at a company.
w1606690	新しい[あたらしい]|法律[ほうりつ]|の|*枠組み[わくぐみ]|が|決まった[きまった]|。	Определились рамки нового закона.	The framework of the new law has been decided.
w1657600	*今年度[こんねんど]|の|予算[よさん]|は|もう|使い切った[つかいきった]|。	Бюджет этого года уже израсходован.	This year's budget has already been used up.
w1286570	その|行為[こうい]|は|*国際法[こくさいほう]|に|違反[いはん]|して|いる|。	Этот поступок нарушает международное право.	That act violates international law.
w1477200	不正[ふせい]|が|*発覚[はっかく]|して|社長[しゃちょう]|が|辞任[じにん]|した|。	Когда вскрылись злоупотребления, президент компании ушёл в отставку.	When the fraud came to light, the president resigned.
